题号,题目名称,https://leetcode.cn/problems/题目名称/
1,Two Sum,https://leetcode.cn/problems/Two-Sum/
3,Longest Substring Without Repeating Characters,https://leetcode.cn/problems/Longest-Substring-Without-Repeating-Characters/
4,Median of Two Sorted Arrays,https://leetcode.cn/problems/Median-of-Two-Sorted-Arrays/
5,Longest Palindromic Substring,https://leetcode.cn/problems/Longest-Palindromic-Substring/
7,Reverse Integer,https://leetcode.cn/problems/Reverse-Integer/
8,String to Integer (atoi),https://leetcode.cn/problems/String-to-Integer-(atoi)/
10,Regular Expression Matching,https://leetcode.cn/problems/Regular-Expression-Matching/
11,Container With Most Water,https://leetcode.cn/problems/Container-With-Most-Water/
12,Integer to Roman,https://leetcode.cn/problems/Integer-to-Roman/
13,Roman to Integer,https://leetcode.cn/problems/Roman-to-Integer/
15,3Sum,https://leetcode.cn/problems/3Sum/
17,Letter Combinations of a Phone Number,https://leetcode.cn/problems/Letter-Combinations-of-a-Phone-Number/
18,4Sum,https://leetcode.cn/problems/4Sum/
20,Valid Parentheses,https://leetcode.cn/problems/Valid-Parentheses/
22,Generate Parentheses,https://leetcode.cn/problems/Generate-Parentheses/
23,Merge k Sorted Lists,https://leetcode.cn/problems/Merge-k-Sorted-Lists/
26,Remove Duplicates from Sorted Array,https://leetcode.cn/problems/Remove-Duplicates-from-Sorted-Array/
27,Remove Element,https://leetcode.cn/problems/Remove-Element/
28,Implement strStr(),https://leetcode.cn/problems/Implement-strStr()/
29,Divide Two Integers,https://leetcode.cn/problems/Divide-Two-Integers/
31,Next Permutation,https://leetcode.cn/problems/Next-Permutation/
32,Longest Valid Parentheses,https://leetcode.cn/problems/Longest-Valid-Parentheses/
33,Search in Rotated Sorted Array,https://leetcode.cn/problems/Search-in-Rotated-Sorted-Array/
34,Find First and Last Position of Element in Sorted Array,https://leetcode.cn/problems/Find-First-and-Last-Position-of-Element-in-Sorted-Array/
35,Search Insert Position,https://leetcode.cn/problems/Search-Insert-Position/
36,Valid Sudoku,https://leetcode.cn/problems/Valid-Sudoku/
37,Sudoku Solver,https://leetcode.cn/problems/Sudoku-Solver/
38,Count and Say,https://leetcode.cn/problems/Count-and-Say/
39,Combination Sum,https://leetcode.cn/problems/Combination-Sum/
40,Combination Sum II,https://leetcode.cn/problems/Combination-Sum-II/
41,First Missing Positive,https://leetcode.cn/problems/First-Missing-Positive/
42,Trapping Rain Water,https://leetcode.cn/problems/Trapping-Rain-Water/
43,Multiply Strings,https://leetcode.cn/problems/Multiply-Strings/
44,Wildcard Matching,https://leetcode.cn/problems/Wildcard-Matching/
45,Jump Game II,https://leetcode.cn/problems/Jump-Game-II/
46,Permutations,https://leetcode.cn/problems/Permutations/
47,Permutations II,https://leetcode.cn/problems/Permutations-II/
48,Rotate Image,https://leetcode.cn/problems/Rotate-Image/
49,Group Anagrams,https://leetcode.cn/problems/Group-Anagrams/
50,Pow(x, n),https://leetcode.cn/problems/Pow(x,-n)/
51,N-Queens,https://leetcode.cn/problems/N-Queens/
52,N-Queens II,https://leetcode.cn/problems/N-Queens-II/
53,Maximum Subarray,https://leetcode.cn/problems/Maximum-Subarray/
54,Spiral Matrix,https://leetcode.cn/problems/Spiral-Matrix/
55,Jump Game,https://leetcode.cn/problems/Jump-Game/
56,Merge Intervals,https://leetcode.cn/problems/Merge-Intervals/
57,Insert Interval,https://leetcode.cn/problems/Insert-Interval/
59,Spiral Matrix II,https://leetcode.cn/problems/Spiral-Matrix-II/
60,Permutation Sequence,https://leetcode.cn/problems/Permutation-Sequence/
62,Unique Paths,https://leetcode.cn/problems/Unique-Paths/
64,Minimum Path Sum,https://leetcode.cn/problems/Minimum-Path-Sum/
65,Valid Number,https://leetcode.cn/problems/Valid-Number/
66,Plus One,https://leetcode.cn/problems/Plus-One/
67,Add Binary,https://leetcode.cn/problems/Add-Binary/
68,Text Justification,https://leetcode.cn/problems/Text-Justification/
69,Sqrt(x),https://leetcode.cn/problems/Sqrt(x)/
70,Climbing Stairs,https://leetcode.cn/problems/Climbing-Stairs/
71,Simplify Path,https://leetcode.cn/problems/Simplify-Path/
72,Edit Distance,https://leetcode.cn/problems/Edit-Distance/
74,Search a 2D Matrix,https://leetcode.cn/problems/Search-a-2D-Matrix/
75,Sort Colors,https://leetcode.cn/problems/Sort-Colors/
76,Minimum Window Substring,https://leetcode.cn/problems/Minimum-Window-Substring/
77,Combinations,https://leetcode.cn/problems/Combinations/
78,Subsets,https://leetcode.cn/problems/Subsets/
79,Word Search,https://leetcode.cn/problems/Word-Search/
80,Remove Duplicates from Sorted Array II,https://leetcode.cn/problems/Remove-Duplicates-from-Sorted-Array-II/
81,Search in Rotated Sorted Array II,https://leetcode.cn/problems/Search-in-Rotated-Sorted-Array-II/
82,Remove Duplicates from Sorted List II,https://leetcode.cn/problems/Remove-Duplicates-from-Sorted-List-II/
84,Largest Rectangle in Histogram,https://leetcode.cn/problems/Largest-Rectangle-in-Histogram/
85,Maximal Rectangle,https://leetcode.cn/problems/Maximal-Rectangle/
88,Merge Sorted Array,https://leetcode.cn/problems/Merge-Sorted-Array/
90,Subsets II,https://leetcode.cn/problems/Subsets-II/
91,Decode Ways,https://leetcode.cn/problems/Decode-Ways/
96,Unique Binary Search Trees,https://leetcode.cn/problems/Unique-Binary-Search-Trees/
98,Validate Binary Search Tree,https://leetcode.cn/problems/Validate-Binary-Search-Tree/
101,Symmetric Tree,https://leetcode.cn/problems/Symmetric-Tree/
104,Maximum Depth of Binary Tree,https://leetcode.cn/problems/Maximum-Depth-of-Binary-Tree/
108,Convert Sorted Array to Binary Search Tree,https://leetcode.cn/problems/Convert-Sorted-Array-to-Binary-Search-Tree/
110,Balanced Binary Tree,https://leetcode.cn/problems/Balanced-Binary-Tree/
111,Minimum Depth of Binary Tree,https://leetcode.cn/problems/Minimum-Depth-of-Binary-Tree/
112,Path Sum,https://leetcode.cn/problems/Path-Sum/
113,Path Sum II,https://leetcode.cn/problems/Path-Sum-II/
115,Distinct Subsequences,https://leetcode.cn/problems/Distinct-Subsequences/
116,Populating Next Right Pointers in Each Node,https://leetcode.cn/problems/Populating-Next-Right-Pointers-in-Each-Node/
117,Populating Next Right Pointers in Each Node II,https://leetcode.cn/problems/Populating-Next-Right-Pointers-in-Each-Node-II/
121,Best Time to Buy and Sell Stock,https://leetcode.cn/problems/Best-Time-to-Buy-and-Sell-Stock/
122,Best Time to Buy and Sell Stock II,https://leetcode.cn/problems/Best-Time-to-Buy-and-Sell-Stock-II/
123,Best Time to Buy and Sell Stock III,https://leetcode.cn/problems/Best-Time-to-Buy-and-Sell-Stock-III/
124,Binary Tree Maximum Path Sum,https://leetcode.cn/problems/Binary-Tree-Maximum-Path-Sum/
125,Valid Palindrome,https://leetcode.cn/problems/Valid-Palindrome/
126,Word Ladder II,https://leetcode.cn/problems/Word-Ladder-II/
127,Word Ladder,https://leetcode.cn/problems/Word-Ladder/
128,Longest Consecutive Sequence,https://leetcode.cn/problems/Longest-Consecutive-Sequence/
130,Surrounded Regions,https://leetcode.cn/problems/Surrounded-Regions/
133,Clone Graph,https://leetcode.cn/problems/Clone-Graph/
134,Gas Station,https://leetcode.cn/problems/Gas-Station/
138,Copy List with Random Pointer,https://leetcode.cn/problems/Copy-List-with-Random-Pointer/
139,Word Break,https://leetcode.cn/problems/Word-Break/
140,Word Break II,https://leetcode.cn/problems/Word-Break-II/
142,Linked List Cycle II,https://leetcode.cn/problems/Linked-List-Cycle-II/
146,LRU Cache,https://leetcode.cn/problems/LRU-Cache/
149,Max Points on a Line,https://leetcode.cn/problems/Max-Points-on-a-Line/
150,Evaluate Reverse Polish Notation,https://leetcode.cn/problems/Evaluate-Reverse-Polish-Notation/
152,Maximum Product Subarray,https://leetcode.cn/problems/Maximum-Product-Subarray/
153,Find Minimum in Rotated Sorted Array,https://leetcode.cn/problems/Find-Minimum-in-Rotated-Sorted-Array/
154,Find Minimum in Rotated Sorted Array II,https://leetcode.cn/problems/Find-Minimum-in-Rotated-Sorted-Array-II/
155,Min Stack,https://leetcode.cn/problems/Min-Stack/
157,Read N Characters Given Read4,https://leetcode.cn/problems/Read-N-Characters-Given-Read4/
158,Read N Characters Given Read4 II - Call multiple times,https://leetcode.cn/problems/Read-N-Characters-Given-Read4-II---Call-multiple-times/
161,One Edit Distance,https://leetcode.cn/problems/One-Edit-Distance/
162,Find Peak Element,https://leetcode.cn/problems/Find-Peak-Element/
163,Missing Ranges,https://leetcode.cn/problems/Missing-Ranges/
168,Excel Sheet Column Title,https://leetcode.cn/problems/Excel-Sheet-Column-Title/
171,Excel Sheet Column Number,https://leetcode.cn/problems/Excel-Sheet-Column-Number/
173,Binary Search Tree Iterator,https://leetcode.cn/problems/Binary-Search-Tree-Iterator/
174,Dungeon Game,https://leetcode.cn/problems/Dungeon-Game/
186,Reverse Words in a String II,https://leetcode.cn/problems/Reverse-Words-in-a-String-II/
188,Best Time to Buy and Sell Stock IV,https://leetcode.cn/problems/Best-Time-to-Buy-and-Sell-Stock-IV/
189,Rotate Array,https://leetcode.cn/problems/Rotate-Array/
191,Number of 1 Bits,https://leetcode.cn/problems/Number-of-1-Bits/
198,House Robber,https://leetcode.cn/problems/House-Robber/
200,Number of Islands,https://leetcode.cn/problems/Number-of-Islands/
201,Bitwise AND of Numbers Range,https://leetcode.cn/problems/Bitwise-AND-of-Numbers-Range/
202,Happy Number,https://leetcode.cn/problems/Happy-Number/
204,Count Primes,https://leetcode.cn/problems/Count-Primes/
205,Isomorphic Strings,https://leetcode.cn/problems/Isomorphic-Strings/
207,Course Schedule,https://leetcode.cn/problems/Course-Schedule/
208,Implement Trie (Prefix Tree),https://leetcode.cn/problems/Implement-Trie-(Prefix-Tree)/
209,Minimum Size Subarray Sum,https://leetcode.cn/problems/Minimum-Size-Subarray-Sum/
210,Course Schedule II,https://leetcode.cn/problems/Course-Schedule-II/
211,Add and Search Word - Data structure design,https://leetcode.cn/problems/Add-and-Search-Word---Data-structure-design/
212,Word Search II,https://leetcode.cn/problems/Word-Search-II/
213,House Robber II,https://leetcode.cn/problems/House-Robber-II/
214,Shortest Palindrome,https://leetcode.cn/problems/Shortest-Palindrome/
215,Kth Largest Element in an Array,https://leetcode.cn/problems/Kth-Largest-Element-in-an-Array/
216,Combination Sum III,https://leetcode.cn/problems/Combination-Sum-III/
217,Contains Duplicate,https://leetcode.cn/problems/Contains-Duplicate/
218,The Skyline Problem,https://leetcode.cn/problems/The-Skyline-Problem/
219,Contains Duplicate II,https://leetcode.cn/problems/Contains-Duplicate-II/
220,Contains Duplicate III,https://leetcode.cn/problems/Contains-Duplicate-III/
221,Maximal Square,https://leetcode.cn/problems/Maximal-Square/
224,Basic Calculator,https://leetcode.cn/problems/Basic-Calculator/
225,Implement Stack using Queues,https://leetcode.cn/problems/Implement-Stack-using-Queues/
226,Invert Binary Tree,https://leetcode.cn/problems/Invert-Binary-Tree/
227,Basic Calculator II,https://leetcode.cn/problems/Basic-Calculator-II/
228,Summary Ranges,https://leetcode.cn/problems/Summary-Ranges/
230,Kth Smallest Element in a BST,https://leetcode.cn/problems/Kth-Smallest-Element-in-a-BST/
231,Power of Two,https://leetcode.cn/problems/Power-of-Two/
232,Implement Queue using Stacks,https://leetcode.cn/problems/Implement-Queue-using-Stacks/
235,Lowest Common Ancestor of a Binary Search Tree,https://leetcode.cn/problems/Lowest-Common-Ancestor-of-a-Binary-Search-Tree/
236,Lowest Common Ancestor of a Binary Tree,https://leetcode.cn/problems/Lowest-Common-Ancestor-of-a-Binary-Tree/
238,Product of Array Except Self,https://leetcode.cn/problems/Product-of-Array-Except-Self/
239,Sliding Window Maximum,https://leetcode.cn/problems/Sliding-Window-Maximum/
240,Search a 2D Matrix II,https://leetcode.cn/problems/Search-a-2D-Matrix-II/
241,Different Ways to Add Parentheses,https://leetcode.cn/problems/Different-Ways-to-Add-Parentheses/
242,Valid Anagram,https://leetcode.cn/problems/Valid-Anagram/
244,Shortest Word Distance II,https://leetcode.cn/problems/Shortest-Word-Distance-II/
245,Shortest Word Distance III,https://leetcode.cn/problems/Shortest-Word-Distance-III/
249,Group Shifted Strings,https://leetcode.cn/problems/Group-Shifted-Strings/
251,Flatten 2D Vector,https://leetcode.cn/problems/Flatten-2D-Vector/
252,Meeting Rooms,https://leetcode.cn/problems/Meeting-Rooms/
253,Meeting Rooms II,https://leetcode.cn/problems/Meeting-Rooms-II/
254,Factor Combinations,https://leetcode.cn/problems/Factor-Combinations/
256,Paint House,https://leetcode.cn/problems/Paint-House/
257,Binary Tree Paths,https://leetcode.cn/problems/Binary-Tree-Paths/
261,Graph Valid Tree,https://leetcode.cn/problems/Graph-Valid-Tree/
263,Ugly Number,https://leetcode.cn/problems/Ugly-Number/
264,Ugly Number II,https://leetcode.cn/problems/Ugly-Number-II/
265,Paint House II,https://leetcode.cn/problems/Paint-House-II/
268,Missing Number,https://leetcode.cn/problems/Missing-Number/
269,Alien Dictionary,https://leetcode.cn/problems/Alien-Dictionary/
270,Closest Binary Search Tree Value,https://leetcode.cn/problems/Closest-Binary-Search-Tree-Value/
271,Encode and Decode Strings,https://leetcode.cn/problems/Encode-and-Decode-Strings/
273,Integer to English Words,https://leetcode.cn/problems/Integer-to-English-Words/
274,H-Index,https://leetcode.cn/problems/H-Index/
275,H-Index II,https://leetcode.cn/problems/H-Index-II/
276,Paint Fence,https://leetcode.cn/problems/Paint-Fence/
277,Find the Celebrity,https://leetcode.cn/problems/Find-the-Celebrity/
278,First Bad Version,https://leetcode.cn/problems/First-Bad-Version/
279,Perfect Squares,https://leetcode.cn/problems/Perfect-Squares/
280,Wiggle Sort,https://leetcode.cn/problems/Wiggle-Sort/
282,Expression Add Operators,https://leetcode.cn/problems/Expression-Add-Operators/
283,Move Zeroes,https://leetcode.cn/problems/Move-Zeroes/
284,Peeking Iterator,https://leetcode.cn/problems/Peeking-Iterator/
285,Inorder Successor in BST,https://leetcode.cn/problems/Inorder-Successor-in-BST/
286,Walls and Gates,https://leetcode.cn/problems/Walls-and-Gates/
287,Find the Duplicate Number,https://leetcode.cn/problems/Find-the-Duplicate-Number/
288,Unique Word Abbreviation,https://leetcode.cn/problems/Unique-Word-Abbreviation/
289,Game of Life,https://leetcode.cn/problems/Game-of-Life/
290,Word Pattern,https://leetcode.cn/problems/Word-Pattern/
291,Word Pattern II,https://leetcode.cn/problems/Word-Pattern-II/
293,Flip Game,https://leetcode.cn/problems/Flip-Game/
294,Flip Game II,https://leetcode.cn/problems/Flip-Game-II/
295,Find Median from Data Stream,https://leetcode.cn/problems/Find-Median-from-Data-Stream/
296,Best Meeting Point,https://leetcode.cn/problems/Best-Meeting-Point/
297,Serialize and Deserialize Binary Tree,https://leetcode.cn/problems/Serialize-and-Deserialize-Binary-Tree/
298,Binary Tree Longest Consecutive Sequence,https://leetcode.cn/problems/Binary-Tree-Longest-Consecutive-Sequence/
299,Bulls and Cows,https://leetcode.cn/problems/Bulls-and-Cows/
300,Longest Increasing Subsequence,https://leetcode.cn/problems/Longest-Increasing-Subsequence/
301,Remove Invalid Parentheses,https://leetcode.cn/problems/Remove-Invalid-Parentheses/
302,Smallest Rectangle Enclosing Black Pixels,https://leetcode.cn/problems/Smallest-Rectangle-Enclosing-Black-Pixels/
305,Number of Islands II,https://leetcode.cn/problems/Number-of-Islands-II/
307,Range Sum Query - Mutable,https://leetcode.cn/problems/Range-Sum-Query---Mutable/
308,Range Sum Query 2D - Mutable,https://leetcode.cn/problems/Range-Sum-Query-2D---Mutable/
309,Best Time to Buy and Sell Stock with Cooldown,https://leetcode.cn/problems/Best-Time-to-Buy-and-Sell-Stock-with-Cooldown/
311,Sparse Matrix Multiplication,https://leetcode.cn/problems/Sparse-Matrix-Multiplication/
312,Burst Balloons,https://leetcode.cn/problems/Burst-Balloons/
314,Binary Tree Vertical Order Traversal,https://leetcode.cn/problems/Binary-Tree-Vertical-Order-Traversal/
316,Remove Duplicate Letters,https://leetcode.cn/problems/Remove-Duplicate-Letters/
317,Shortest Distance from All Buildings,https://leetcode.cn/problems/Shortest-Distance-from-All-Buildings/
318,Maximum Product of Word Lengths,https://leetcode.cn/problems/Maximum-Product-of-Word-Lengths/
322,Coin Change,https://leetcode.cn/problems/Coin-Change/
323,Number of Connected Components in an Undirected Graph,https://leetcode.cn/problems/Number-of-Connected-Components-in-an-Undirected-Graph/
324,Wiggle Sort II,https://leetcode.cn/problems/Wiggle-Sort-II/
325,Maximum Size Subarray Sum Equals k,https://leetcode.cn/problems/Maximum-Size-Subarray-Sum-Equals-k/
329,Longest Increasing Path in a Matrix,https://leetcode.cn/problems/Longest-Increasing-Path-in-a-Matrix/
334,Increasing Triplet Subsequence,https://leetcode.cn/problems/Increasing-Triplet-Subsequence/
336,Palindrome Pairs,https://leetcode.cn/problems/Palindrome-Pairs/
337,House Robber III,https://leetcode.cn/problems/House-Robber-III/
338,Counting Bits,https://leetcode.cn/problems/Counting-Bits/
339,Nested List Weight Sum,https://leetcode.cn/problems/Nested-List-Weight-Sum/
340,Longest Substring with At Most K Distinct Characters,https://leetcode.cn/problems/Longest-Substring-with-At-Most-K-Distinct-Characters/
341,Flatten Nested List Iterator,https://leetcode.cn/problems/Flatten-Nested-List-Iterator/
346,Moving Average from Data Stream,https://leetcode.cn/problems/Moving-Average-from-Data-Stream/
347,Top K Frequent Elements,https://leetcode.cn/problems/Top-K-Frequent-Elements/
348,Design Tic-Tac-Toe,https://leetcode.cn/problems/Design-Tic-Tac-Toe/
350,Intersection of Two Arrays II,https://leetcode.cn/problems/Intersection-of-Two-Arrays-II/
351,Android Unlock Patterns,https://leetcode.cn/problems/Android-Unlock-Patterns/
352,Data Stream as Disjoint Intervals,https://leetcode.cn/problems/Data-Stream-as-Disjoint-Intervals/
353,Design Snake Game,https://leetcode.cn/problems/Design-Snake-Game/
354,Russian Doll Envelopes,https://leetcode.cn/problems/Russian-Doll-Envelopes/
355,Design Twitter,https://leetcode.cn/problems/Design-Twitter/
359,Logger Rate Limiter,https://leetcode.cn/problems/Logger-Rate-Limiter/
361,Bomb Enemy,https://leetcode.cn/problems/Bomb-Enemy/
362,Design Hit Counter,https://leetcode.cn/problems/Design-Hit-Counter/
364,Nested List Weight Sum II,https://leetcode.cn/problems/Nested-List-Weight-Sum-II/
367,Valid Perfect Square,https://leetcode.cn/problems/Valid-Perfect-Square/
374,Guess Number Higher or Lower,https://leetcode.cn/problems/Guess-Number-Higher-or-Lower/
375,Guess Number Higher or Lower II,https://leetcode.cn/problems/Guess-Number-Higher-or-Lower-II/
376,Wiggle Subsequence,https://leetcode.cn/problems/Wiggle-Subsequence/
377,Combination Sum IV,https://leetcode.cn/problems/Combination-Sum-IV/
378,Kth Smallest Element in a Sorted Matrix,https://leetcode.cn/problems/Kth-Smallest-Element-in-a-Sorted-Matrix/
379,Design Phone Directory,https://leetcode.cn/problems/Design-Phone-Directory/
380,Insert Delete GetRandom O(1),https://leetcode.cn/problems/Insert-Delete-GetRandom-O(1)/
381,Insert Delete GetRandom O(1) - Duplicates allowed,https://leetcode.cn/problems/Insert-Delete-GetRandom-O(1)---Duplicates-allowed/
384,Shuffle an Array,https://leetcode.cn/problems/Shuffle-an-Array/
385,Mini Parser,https://leetcode.cn/problems/Mini-Parser/
389,Find the Difference,https://leetcode.cn/problems/Find-the-Difference/
394,Decode String,https://leetcode.cn/problems/Decode-String/
398,Random Pick Index,https://leetcode.cn/problems/Random-Pick-Index/